SecondInterval,RequestCount
0,12
1,60
2,370
3,383
4,389
5,387
6,393
7,406
8,402
9,407
10,396
11,410
12,399
13,404
14,412
15,405
16,409
17,401
18,400
19,402
20,415
21,409
22,421
23,402
24,419
25,414
26,414
27,403
28,411
29,410
30,410
31,398
32,413
33,407
34,414
35,408
36,414
37,410
38,111
39,110
40,101
41,76
42,81
43,95
44,104
45,95
46,109
47,104
48,102
49,77
50,99
51,97
52,95
53,104
54,90
55,97
56,97
57,95
58,103
59,91
60,92
61,112
62,83
63,87
64,89
65,72
66,102
67,115
68,70
69,89
70,91
71,111
72,92
73,87
74,172
75,365
76,408
77,482
78,387
79,413
80,448
81,576
82,550
83,390
84,373
85,470
86,371
87,418
88,428
89,531
90,571
91,579
92,499
93,568
94,560
95,595
96,454
97,560
98,513
99,443
100,361
101,308
102,595
103,467
104,541
105,516
106,469
107,405
108,565
109,408
110,532
111,623
112,457
113,550
114,477
115,487
116,444
117,585
118,523
119,487
120,470
121,484
122,507
123,414
124,350
125,459
126,502
127,499
128,461
129,564
130,420
131,501
132,464
133,511
134,427
135,445
136,507
137,528
138,474
139,515
140,432
141,521
142,461
143,564
144,480
145,557
146,323
147,511
148,328
149,451
150,442
151,431
152,501
153,521
154,508
155,424
156,562
157,407
158,577
159,392
160,572
161,607
162,423
163,556
164,459
165,491
166,443
167,444
168,519
169,552
170,416
171,538
172,525
173,458
174,513
175,440
176,551
177,449
178,541
179,527
180,495
181,583
182,464
183,508
184,437
185,339
186,563
187,428
188,584
189,422
190,662
191,666
192,516
193,601
194,638
195,576
196,472
197,591
198,611
199,612
200,545
201,426
202,475
203,553
204,579
205,631
206,420
207,543
208,577
209,344
210,386
211,509
212,444
213,486
214,557
215,633
216,594
217,593
218,514
219,514
220,387
221,542
222,420
223,423
224,520
225,592
226,607
227,528
228,609
229,614
230,536
231,587
232,627
233,548
234,385
235,450
236,480
237,636
238,486
239,445
240,511
241,524
242,605
243,576
244,386
245,633
246,578
247,392
248,563
249,391
250,405
251,573
252,490
253,419
254,395
255,555
256,555
257,541
258,386
259,417
260,359
261,544
262,580
263,614
264,584
265,563
266,369
267,447
268,447
269,418
270,475
271,410
272,497
273,226
274,504
275,331
276,386
277,347
278,478
279,402
280,430
281,511
282,447
283,495
284,420
285,402
286,501
287,435
288,515
289,444
290,491
291,431
292,272
293,450
294,363
295,312
296,443
297,511
298,552
299,400
300,440
301,485
302,409
303,524
304,451
305,536
306,385
307,510
308,430
309,346
310,470
311,454
312,386
313,523
314,379
315,403
316,557
317,389
318,257
319,388
320,548
321,408
322,488
323,401
324,326
325,561
326,334
327,320
328,453
329,326
330,571
331,326
332,332
333,416
334,493
335,446
336,465
337,407
338,417
339,487
340,326
341,471
342,491
343,525
344,504
345,600
346,449
347,474
348,388
349,638
350,560
351,480
352,590
353,431
354,466
355,322
356,385
357,481
358,482
359,579
360,422
361,607
362,575
363,385
364,514
365,403
366,386
367,322
368,496
369,428
370,419
371,435
372,411
373,382
374,574
375,417
376,614
377,579
378,420
379,633
380,451
381,485
382,573
383,388
384,688
385,578
386,607
387,595
388,401
389,388
390,253
391,320
392,388
393,434
394,544
395,504
396,390
397,396
398,456
399,391
400,503
401,530
402,588
403,509
404,485
405,401
406,309
407,222
408,301
409,314
410,127
411,42
412,392
413,362
414,528
415,855
416,1160
417,1153
418,500
419,514
420,847
421,699
422,916
423,1293
424,1340
425,1165
426,1007
427,842
428,760
429,809
430,535
432,564
433,829
434,1218
435,1294
436,1341
437,1333
438,1287
439,1306
440,1260
441,1246
442,1257
443,1299
444,1277
445,1249
446,212
448,469
449,569
450,513
451,499
452,952
453,1065
454,1109
455,1075
456,819
457,1077
458,788
459,755
460,997
461,1200
462,1074
463,955
464,1086
465,1230
466,1061
467,704
468,639
469,1047
470,909
471,281
472,996
473,1050
474,448
475,641
476,640
477,865
478,657
479,683
480,1097
481,735
482,1004
483,944
484,753
485,863
486,969
487,938
488,924
489,939
490,835
491,377
492,954
493,710
494,820
495,968
496,1087
497,937
498,935
499,984
500,393
501,905
502,641
503,920
504,682
505,732
506,570
507,476
508,799
509,777
510,1144
511,874
512,528
513,913
514,806
515,778
516,797
517,993
518,855
519,858
520,963
521,833
522,792
523,980
524,955
525,975
526,772
527,997
528,418
529,1023
530,844
531,642
532,1151
533,642
534,534
535,808
536,950
537,908
538,991
539,941
540,814
541,985
542,919
543,895
544,867
545,814
546,903
547,867
548,749
549,550
550,716
551,791
552,959
553,804
554,984
555,455
556,853
557,960
558,1005
559,727
560,1016
561,823
562,773
563,913
564,566
565,431
566,1148
567,136
568,1139
569,654
570,662
571,779
572,1123
573,930
574,950
575,856
576,1056
577,863
578,378
579,133
580,672
581,827
582,765
583,967
584,88
586,640
587,657
588,557
589,703
590,869
591,743
592,722
593,871
594,1141
595,84
596,642
597,839
598,567
599,1028
600,1005
601,991
602,918
603,1139
604,1109
605,1028
606,1150
607,828
608,1084
609,887
610,1164
611,838
612,965
613,1147
614,1091
615,666
616,1016
617,992
618,706
619,1125
620,892
621,952
622,843
623,1077
624,640
625,842
626,1078
627,1195
628,859
629,851
630,985
631,842
632,930
633,918
634,999
635,876
636,681
637,820
638,854
639,938
640,914
641,1002
642,711
643,734
644,862
645,849
646,1019
647,873
648,1039
649,1173
650,492
651,918
652,1018
653,913
654,1001
655,924
656,1051
657,923
658,1070
659,1090
660,826
661,909
662,1017
663,853
664,944
665,932
666,709
667,1023
668,816
669,1026
670,802
671,875
672,932
673,917
674,1006
675,1085
676,756
677,830
678,640
679,790
680,565
681,1092
682,761
683,922
684,276
685,824
686,919
687,850
688,952
689,766
690,655
691,677
692,772
693,904
694,780
695,780
696,1066
697,577
698,784
699,1023
700,895
701,684
702,1104
703,815
704,1019
705,781
706,772
707,894
708,946
709,960
710,445
711,921
712,737
713,852
714,775
715,444
716,385
717,618
718,514
719,874
720,638
721,719
722,641
723,743
724,718
725,914
726,728
727,596
728,914
729,922
730,895
731,389
732,875
733,811
734,787
735,848
736,623
737,800
738,838
739,900
740,806
741,436
742,820
743,942
744,739
745,776
746,444
747,852
748,451
749,548
750,435
751,1032
752,786
753,790
754,994
755,896
756,927
757,381
758,1028
759,755
760,1069
761,773
762,854
763,1035
764,794
765,798
766,1022
767,768
768,901
769,1017
770,867
771,1051
772,552
773,833
774,835
775,974
776,446
777,766
778,923
779,824
780,884
781,825
782,652
783,852
784,668
785,1104
786,819
787,792
788,1141
789,818
790,185
791,1000
792,1067
793,904
794,845
795,1052
796,983
797,917
798,859
799,947
800,885
801,1071
802,862
803,1153
804,891
805,751
806,838
807,948
808,401
809,997
810,972
811,845
812,897
813,861
814,807
815,970
816,903
817,524
818,1015
819,868
820,796
821,1120
822,554
823,784
824,652
825,639
826,756
827,886
828,983
829,943
830,367
831,649
832,1134
833,967
834,873
835,1101
836,813
837,643
838,659
839,842
840,1048
841,263
842,1022
843,823
844,981
845,927
846,831
847,638
848,904
849,930
850,768
851,425
852,759
853,697
854,794
855,950
856,820
857,892
858,982
859,703
860,813
861,588
862,987
863,789
864,1105
865,809
866,903
867,964
868,168
869,641
870,473
871,887
872,701
873,1128
874,804
875,782
876,1018
877,811
878,861
879,1020
880,956
881,642
882,898
883,770
884,893
885,710
886,574
887,774
888,1043
889,446
890,372
891,889
892,929
893,833
894,935
895,811
896,1088
897,862
898,819
899,1069
900,766
901,780
902,926
903,747
904,1132
905,778
906,871
907,1057
908,1151
909,938
910,1074
911,602
912,690
913,947
914,480
915,999
916,767
917,281
918,1126
919,1073
920,783
921,965
922,988
923,866
924,894
925,919
926,483
927,990
928,938
929,793
930,1048
931,836
932,756
933,442
934,525
935,823
936,1020
937,884
938,815
939,552
940,510
941,949
942,960
943,789
944,760
945,1007
946,798
947,512
948,1112
949,802
950,1112
951,673
952,949
953,985
954,672
955,892
956,832
957,867
958,873
959,622
960,1117
961,796
962,1001
963,898
964,1094
965,949
966,350
967,507
968,880
969,970
970,949
971,1022
972,787
973,1127
974,779
975,1057
976,590
977,767
978,754
979,960
980,835
981,640
982,1028
983,734
984,756
985,302
986,989
987,911
988,1075
989,963
990,608
991,659
992,989
993,908
994,1089
995,870
996,1075
997,753
998,861
999,671
1000,943
1001,835
1002,1140
1003,257
1004,795
1005,1120
1006,962
1007,895
1008,1000
1009,910
1010,1115
1011,731
1012,645
1013,658
1014,841
1015,826
1016,902
1017,988
1018,775
1019,869
1020,970
1021,736
1022,835
1023,1093
1024,530
1025,809
1026,950
1027,879
1028,826
1029,981
1030,804
1031,1111
1032,944
1033,467
1034,791
1035,641
1036,971
1037,912
1038,906
1039,931
1040,954
1041,962
1042,979
1043,858
1044,889
1045,964
1046,813
1047,796
1048,669
1049,615
1050,393
1051,647
1052,860
1053,1049
1054,772
1055,651
1056,933
1057,877
1058,762
1059,507
1060,608
1061,778
1062,843
1063,1075
1064,935
1065,921
1066,513
1067,610
1068,817
1069,823
1070,541
1071,1005
1072,1037
1073,701
1074,818
1075,811
1076,794
1077,880
1078,648
1079,1021
1080,641
1081,901
1082,977
1083,814
1084,728
1085,1030
1086,826
1087,922
1088,912
1089,714
1090,899
1091,988
1092,920
1093,1005
1094,819
1095,882
1096,1035
1097,510
1098,1125
1099,721
1100,919
1101,1007
1102,801
1103,776
1104,614
1105,331
1106,902
1107,797
1108,1121
1109,771
1110,1151
1111,820
1112,896
1113,832
1114,439
1115,784
1116,245
1117,1035
1118,832
1119,708
1120,1048
1121,798
1122,643
1123,172
1124,915
1125,625
1126,932
1127,1128
1128,775
1129,1121
1130,804
1131,981
1132,319
1133,1057
1134,797
1135,674
1136,1030
1137,667
1138,279
1139,1009
1140,821
1141,738
1142,765
1143,1022
1144,1034
1145,852
1146,811
1147,915
1148,876
1149,551
1150,779
1151,775
1152,949
1153,751
1154,862
1155,647
1156,1001
1157,796
1158,908
1159,427
1160,1145
1161,983
1162,979
1163,944
1164,936
1165,530
1166,887
1167,524
1168,1129
1169,962
1170,1009
1171,821
1172,450
1173,843
1174,937
1175,859
1176,1001
1177,929
1178,765
1179,1042
1180,259
1181,1014
1182,777
1183,784
1184,1008
1185,783
1186,770
1187,1032
1188,768
1189,513
1190,774
1191,147
1192,1010
1193,754
1194,1097
1195,459
1196,935
1197,311
1198,912
1199,590
1200,1061
1201,661
1202,832
1203,846
1204,919
1205,915
1206,467
1207,1076
1208,881
1209,1042
1210,870
1211,526
1212,965
1213,540
1214,955
1215,927
1216,945
1217,884
1218,871
1219,961
1220,889
1221,943
1222,862
1223,673
1224,741
1225,1054
1226,855
1227,952
1228,982
1229,463
1230,946
1231,460
1232,824
1233,915
1234,1008
1235,900
1236,435
1237,656
1238,636
1239,855
1240,841
1241,881
1242,998
1243,860
1244,758
1245,914
1246,1094
1247,340
1248,742
1249,555
1250,444
1251,1007
1252,947
1253,496
1254,876
1255,785
1256,834
1257,558
1258,469
1259,255
1260,127
1261,90
1262,46
1263,20
1264,162
1265,230
1266,299
1267,254
1268,198
1269,291
1270,210
1271,256
1272,270
1273,216
1274,230
1275,255
1276,223
1277,259
1278,228
1279,264
1280,263
1281,203
1282,287
1283,227
1284,253
1285,197
1286,199
1287,254
1288,234
1289,286
1290,282
1291,232
1292,279
1293,292
1294,235
1295,284
1296,294
1297,316
1298,233
1299,279
1300,208
1301,320
1302,280
1303,212
1304,262
1305,214
1306,174
1307,234
1308,193
1309,274
1310,230
1311,286
1312,323
1313,285
1314,210
1315,35
1316,249
1317,248
1318,304
1319,316
1320,292
1321,327
1322,323
1323,326
1324,357
1325,379
1326,199
1327,194
1328,283
1329,151
1330,290
1331,317
1332,353
1333,341
1334,320
1335,352
1336,321
1337,229
1338,179
1339,190
1340,198
1341,213
1342,180
1343,192
1344,210
1345,210
1346,214
1347,320
1348,340
1349,236
1350,276
1351,233
1352,256
1353,309
1354,329
1355,335
1356,327
1357,344
1358,326
1359,349
1360,316
1361,339
1362,198
1363,225
1364,207
1365,243
1366,311
1367,337
1368,351
1369,322
1370,337
1371,327
1372,351
1373,278
1374,312
1375,343
1376,326
1377,347
1378,217
1379,195
1380,192
1381,190
1382,214
1383,190
1384,212
1385,180
1386,187
1387,280
1388,321
1389,323
1390,320
1391,329
1392,359
1393,302
1394,339
1395,339
1396,333
1397,326
1398,336
1399,291
1400,349
1401,340
1402,306
1403,344
1404,343
1405,327
1406,330
1407,332
1408,251
1409,232
1410,173
1411,208
1412,298
1413,365
1414,346
1415,322
1416,342
1417,252
1418,46
1419,168
1420,201
1421,169
1422,238
1423,163
1424,215
1425,238
1426,321
1427,326
1428,335
1429,341
1430,315
1431,335
1432,325
1433,313
1434,327
1435,325
1436,344
1437,342
1438,316
1439,381
1440,334
1441,324
1442,340
1443,334
1444,326
1445,319
1446,336
1447,309
1448,192
1449,207
1450,198
1451,208
1452,190
1453,285
1454,332
1455,358
1456,376
1457,319
1458,353
1459,342
1460,192
1461,236
1462,34
1463,64
1464,258
1465,192
1466,195
1467,167
1468,386
1469,300
1470,336
1471,335
1472,343
1473,336
1474,346
1475,324
1476,313
1477,341
1478,322
1479,331
1480,338
1481,311
1482,297
1483,348
1484,330
1485,105
1486,195
1487,197
1488,252
1489,158
1491,36
1492,324
1493,324
1494,394
1495,348
1496,260
1497,395
1498,329
1499,347
1500,322
1501,346
1502,325
1503,317
1504,319
1505,341
1506,327
1507,326
1508,328
1509,366
1510,281
1511,192
1512,177
1513,200
1514,213
1515,217
1516,216
1517,189
1518,250
1519,192
1520,324
1521,314
1522,343
1523,330
1524,298
1525,354
1526,387
1527,332
1528,310
1529,323
1530,332
1531,287
1532,334
1533,362
1534,275
1535,326
1536,339
1537,367
1538,317
1539,340
1540,307
1541,327
1542,239
1543,126
1544,34
1545,283
1546,326
1547,347
1548,322
1549,328
1550,305
1551,280
1552,140
1553,38
1554,3
