SecondInterval,AverageLatency
0,297
1,50
2,60
3,62
4,49
5,51
6,47
7,48
8,46
9,46
10,47
11,48
12,47
13,46
14,46
15,46
16,45
17,45
18,46
19,46
20,46
21,46
22,46
23,45
24,47
25,46
26,46
27,46
28,45
29,46
30,47
31,48
32,45
33,45
34,46
35,47
36,48
37,45
38,46
39,46
40,46
41,45
42,46
43,48
44,47
45,47
46,53
47,49
48,54
49,50
50,54
51,54
52,53
53,48
54,49
55,51
56,49
57,48
58,49
59,48
60,47
61,48
62,50
63,48
64,46
65,47
66,48
67,47
68,47
69,48
70,48
71,45
72,48
73,51
74,50
75,238
76,278
77,210
78,173
79,290
80,463
81,359
82,421
83,363
84,409
85,378
86,397
87,369
88,394
89,373
90,411
91,378
92,451
93,370
94,380
95,399
96,376
97,400
98,380
99,394
100,391
101,418
102,401
103,397
104,381
105,399
106,393
107,401
108,376
109,424
110,363
111,399
112,376
113,392
114,387
115,376
116,409
117,360
118,400
119,388
120,386
121,362
122,419
123,379
124,382
125,381
126,400
127,388
128,384
129,389
130,399
131,415
132,410
133,391
134,413
135,378
136,396
137,375
138,398
139,370
140,450
141,548
142,395
143,388
144,388
145,401
146,390
147,380
148,388
149,391
150,383
151,384
152,390
153,374
154,397
155,381
156,405
157,369
158,414
159,379
160,403
161,393
162,417
163,396
164,393
165,398
166,381
167,414
168,386
169,401
170,375
171,398
172,390
173,387
174,384
175,379
176,421
177,612
178,560
179,535
180,398
181,381
182,422
183,346
184,413
185,371
186,417
187,363
188,434
189,385
190,392
191,390
192,405
193,409
194,385
195,403
196,411
197,406
198,431
199,384
200,387
201,407
202,406
203,407
204,405
205,376
206,415
207,360
208,397
209,383
210,393
211,398
212,391
213,380
214,388
215,403
216,383
217,396
218,398
219,378
220,399
221,385
222,397
223,397
224,385
225,402
226,388
227,398
228,370
229,418
230,387
231,396
232,393
233,362
234,425
235,370
236,415
237,376
238,432
239,383
240,396
241,402
242,370
243,406
244,382
245,392
246,399
247,383
248,394
249,382
250,408
251,389
252,430
253,400
254,388
255,406
256,394
257,385
258,397
259,394
260,385
261,412
262,374
263,427
264,391
265,421
266,386
267,402
268,384
269,391
270,386
271,401
272,387
273,399
274,372
275,410
276,377
277,422
278,387
279,415
280,366
281,423
282,380
283,438
284,374
285,420
286,367
287,409
288,377
289,395
290,388
291,396
292,384
293,400
294,396
295,396
296,386
297,371
298,425
299,368
300,406
301,378
302,416
303,369
304,406
305,401
306,381
307,401
308,390
309,396
310,361
311,414
312,381
313,405
314,400
315,418
316,424
317,424
318,483
319,451
320,480
321,482
322,416
323,404
324,394
325,400
326,423
327,412
328,404
329,389
330,418
331,395
332,395
333,371
334,395
335,382
336,409
337,374
338,423
339,370
340,411
341,375
342,402
343,383
344,396
345,372
346,402
347,381
348,392
349,384
350,371
351,419
352,391
353,390
354,390
355,390
356,416
357,378
358,381
359,379
360,401
361,360
362,406
363,380
364,391
365,398
366,386
367,404
368,374
369,413
370,390
371,397
372,390
373,428
374,401
375,404
376,387
377,408
378,389
379,387
380,377
381,412
382,390
383,410
384,390
385,410
386,387
387,406
388,389
389,387
390,399
391,368
392,420
393,385
394,395
395,391
396,408
397,381
398,402
399,405
400,386
401,384
402,387
403,403
404,366
405,397
406,387
407,406
408,401
409,386
410,378
411,398
412,374
413,416
414,369
415,434
416,361
417,437
418,363
419,409
420,382
421,401
422,376
423,399
424,389
425,381
426,407
427,408
428,420
429,423
430,423
431,571
432,585
433,456
434,401
435,402
436,399
437,409
438,393
439,396
440,417
441,375
442,407
443,432
444,465
445,453
446,479
447,469
448,466
449,406
450,400
451,373
452,407
453,400
454,404
455,391
456,398
457,422
458,392
459,373
460,403
461,389
462,403
463,389
464,384
465,387
466,373
467,406
468,393
469,398
470,387
471,395
472,391
473,423
474,376
475,420
476,388
477,475
478,604
479,516
480,573
481,361
482,418
483,439
484,420
485,389
486,388
487,398
488,404
489,411
490,405
491,377
492,402
493,379
494,389
495,399
496,395
497,385
498,389
499,396
500,381
501,418
502,400
503,367
504,410
505,366
506,425
507,380
508,386
509,395
510,390
511,386
512,372
513,407
514,388
515,390
516,388
517,390
518,386
519,402
520,410
521,401
522,376
523,420
524,372
525,405
526,375
527,405
528,380
529,401
530,381
531,404
532,384
533,390
534,372
535,412
536,389
537,406
538,390
539,391
540,396
541,415
542,363
543,441
544,376
545,429
546,372
547,426
548,397
549,420
550,369
551,407
552,377
553,418
554,384
555,408
556,405
557,391
558,380
559,406
560,369
561,415
562,382
563,401
564,396
565,396
566,387
567,389
568,410
569,405
570,408
571,399
572,388
573,442
574,370
575,444
576,359
577,410
578,400
579,413
580,380
581,411
582,380
583,409
584,395
585,395
586,393
587,388
588,396
589,412
590,391
591,387
592,422
593,394
594,411
595,380
596,448
597,376
598,398
599,360
600,421
601,364
602,425
603,363
604,432
605,340
606,434
607,372
608,420
609,368
610,423
611,367
612,400
613,390
614,464
615,632
616,472
617,574
618,546
619,512
620,456
621,382
622,402
623,395
624,389
625,402
626,396
627,408
628,391
629,418
630,394
631,429
632,387
633,427
634,388
635,388
636,402
637,371
638,414
639,385
640,428
641,396
642,424
643,382
644,412
645,387
646,431
647,393
648,433
649,381
650,417
651,391
652,420
653,382
654,394
655,381
656,418
657,381
658,391
659,398
660,403
661,398
662,385
663,392
664,395
665,388
666,395
667,399
668,375
669,387
670,401
671,404
672,976
673,2216
675,577
676,731
677,416
678,426
679,381
680,385
681,406
682,390
683,390
684,399
685,391
686,402
687,401
688,393
689,386
690,390
691,405
692,386
693,402
694,386
695,390
696,374
697,397
698,407
699,406
700,405
701,437
702,457
703,423
704,405
705,412
706,382
707,415
708,399
709,417
710,367
711,415
712,390
713,394
714,385
715,374
716,409
717,363
718,428
719,371
720,413
721,367
722,424
723,364
724,445
725,359
726,414
727,378
728,396
729,406
730,399
731,425
732,418
733,426
734,398
735,395
736,394
737,396
738,390
739,408
740,381
741,407
742,388
743,474
744,388
745,390
746,404
747,394
748,550
749,431
750,394
751,421
752,366
753,418
754,385
755,400
756,405
757,394
758,400
759,398
760,410
761,381
762,416
763,383
764,386
765,394
766,406
767,395
768,362
769,416
770,376
771,415
772,370
773,407
774,361
775,406
776,386
777,393
778,545
779,588
780,549
781,459
782,383
783,371
784,397
785,375
786,407
787,380
788,391
789,388
790,389
791,388
792,387
793,397
794,402
795,387
796,393
797,401
798,382
799,407
800,400
801,393
802,387
803,390
804,380
805,399
806,405
807,387
808,385
809,382
810,416
811,368
812,423
813,385
814,414
815,384
816,421
817,409
818,418
819,401
820,420
821,398
822,425
823,399
824,394
825,411
826,402
827,404
828,411
829,437
830,432
831,430
832,396
833,429
834,394
835,405
836,376
837,395
838,392
839,404
840,394
841,383
842,413
843,391
844,381
845,391
846,385
847,405
848,397
849,384
850,396
851,374
852,401
853,390
854,412
855,398
856,403
857,391
858,411
859,384
860,407
861,392
862,407
863,386
864,389
865,421
866,422
867,417
868,408
869,389
870,391
871,385
872,390
873,387
874,375
875,416
876,370
877,424
878,371
879,412
880,379
881,421
882,358
883,411
884,656
885,711
886,686
887,1499
889,361
890,399
891,403
892,386
893,405
894,394
895,379
896,396
897,376
898,394
899,396
900,369
901,412
902,369
903,394
904,388
905,406
906,402
907,400
908,401
909,413
910,396
911,390
912,404
913,435
914,395
915,405
916,416
917,412
918,441
919,384
920,434
921,432
922,418
923,408
924,409
925,432
926,416
927,399
928,404
929,407
930,398
931,398
932,408
933,385
934,424
935,403
936,397
937,394
938,393
939,393
940,401
941,395
942,393
943,385
944,398
945,440
946,458
947,435
948,477
949,485
950,481
951,537
952,544
953,564
954,515
955,412
956,454
957,419
958,434
959,399
960,423
961,400
962,428
963,368
964,428
965,387
966,410
967,381
968,384
969,392
970,409
971,377
972,401
973,436
974,419
975,395
976,422
977,413
978,386
979,387
980,388
981,380
982,390
983,392
984,379
985,400
986,393
987,406
988,393
989,414
990,382
991,403
992,411
993,413
994,392
995,405
996,382
997,411
998,369
999,417
1000,384
1001,379
1002,399
1003,396
1004,380
1005,393
1006,409
1007,394
1008,389
1009,385
1010,393
1011,393
1012,386
1013,391
1014,405
1015,391
1016,376
1017,404
1018,379
1019,390
1020,406
1021,386
1022,435
1023,365
1024,388
1025,394
1026,388
1027,398
1028,401
1029,367
1030,415
1031,392
1032,464
1033,378
1034,422
1035,388
1036,410
1037,380
1038,385
1039,385
1040,408
1041,386
1042,395
1043,397
1044,426
1045,386
1046,399
1047,389
1048,396
1049,376
1050,549
1051,505
1052,377
1053,407
1054,392
1055,384
1056,417
1057,389
1058,400
1059,404
1060,398
1061,382
1062,386
1063,401
1064,377
1065,400
1066,387
1067,388
1068,350
1069,371
1070,338
1071,318
1072,329
1073,271
1074,251
1075,220
1076,190
1077,149
1078,129
1079,141
1080,131
1081,1555
1082,853
1083,1207
1084,1101
1085,660
1086,900
1087,1205
1088,959
1089,747
1090,703
1091,937
1092,835
1093,726
1094,781
1095,838
1096,809
1097,720
1098,834
1099,752
1100,800
1101,741
1102,864
1103,696
1104,785
1105,736
1106,883
1107,802
1108,699
1109,742
1110,808
1111,807
1112,758
1113,795
1114,791
1115,757
1116,809
1117,774
1118,779
1119,776
1120,793
1121,794
1122,731
1123,849
1124,772
1125,814
1126,757
1127,803
1128,802
1129,731
1130,787
1131,863
1132,776
1133,1734
1134,3728
1135,2048
1136,2141
1137,877
1138,982
1139,763
1140,771
1141,836
1142,852
1143,741
1144,819
1145,783
1146,747
1147,787
1148,803
1149,745
1150,831
1151,756
1152,837
1153,780
1154,840
1155,776
1156,781
1157,813
1158,770
1159,771
1160,825
1161,797
1162,761
1163,831
1164,771
1165,828
1166,800
1167,767
1168,797
1169,769
1170,768
1171,810
1172,822
1173,759
1174,808
1175,799
1176,743
1177,814
1178,756
1179,747
1180,838
1181,744
1182,824
1183,827
1184,785
1185,741
1186,840
1187,818
1188,722
1189,838
1190,801
1191,791
1192,778
1193,789
1194,757
1195,818
1196,875
1197,816
1198,723
1199,773
1200,846
1201,770
1202,706
1203,831
1204,844
1205,797
1206,780
1207,811
1208,1028
1209,1056
1210,1234
1211,1537
1212,1849
1213,2036
1214,1763
1215,1719
1216,1648
1217,1429
1218,936
1219,864
1220,846
1221,836
1222,757
1223,848
1224,772
1225,793
1226,793
1227,903
1228,741
1229,846
1230,756
1231,780
1232,787
1233,815
1234,811
1235,828
1236,772
1237,778
1238,785
1239,862
1240,754
1241,809
1242,817
1243,741
1244,778
1245,831
1246,814
1247,736
1248,785
1249,850
1250,833
1251,818
1252,760
1253,818
1254,787
1255,723
1256,792
1257,873
1258,759
1259,718
1260,828
1261,804
1262,829
1263,768
1264,757
1265,827
1266,787
1267,777
1268,803
1269,856
1270,774
1271,756
1272,786
1273,856
1274,765
1275,792
1276,780
1277,822
1278,813
1279,802
1280,761
1281,814
1282,773
1283,760
1284,800
1285,830
1286,741
1287,806
1288,832
1289,860
1290,727
1291,770
1292,860
1293,860
1294,680
1295,849
1296,818
1297,928
1298,962
1299,891
1300,814
1301,810
1302,751
1303,818
1304,862
1305,838
1306,774
1307,876
1308,854
1309,763
1310,768
1311,798
1312,841
1313,720
1314,792
1315,837
1316,806
1317,747
1318,800
1319,804
1320,795
1321,789
1322,810
1323,737
1324,799
1325,830
1326,777
1327,794
1328,763
1329,807
1330,919
1331,848
1332,790
1333,924
1334,869
1335,885
1336,814
1337,846
1338,855
1339,827
1340,783
1341,848
1342,845
1343,796
1344,841
1345,841
1346,825
1347,792
1348,825
1349,879
1350,847
1351,855
1352,823
1353,1057
1354,948
1355,1305
1356,1436
1357,1481
1358,1124
1359,929
1360,909
1361,862
1362,816
1363,853
1364,855
1365,781
1366,750
1367,803
1368,829
1369,824
1370,753
1371,842
1372,822
1373,759
1374,892
1375,849
1376,796
1377,775
1378,758
1379,1137
1380,1373
1381,1098
1382,921
1383,667
1384,719
1385,774
1386,876
1387,743
1388,762
1389,851
1390,811
1391,892
1392,2311
1393,2577
1394,705
1395,1124
1396,1174
1397,1191
1398,1006
1399,765
1400,809
1401,778
1402,797
1403,850
1404,825
1405,851
1406,765
1407,898
1408,785
1409,854
1410,838
1411,777
1412,820
1413,757
1414,841
1415,806
1416,822
1417,840
1418,819
1419,792
1420,826
1421,792
1422,795
1423,798
1424,776
1425,815
1426,804
1427,755
1428,823
1429,845
1430,787
1431,774
1432,795
1433,808
1434,835
1435,792
1436,790
1437,836
1438,830
1439,755
1440,777
1441,897
1442,784
1443,824
1444,860
1445,803
1446,763
1447,785
1448,827
1449,801
1450,784
1451,860
1452,852
1453,740
1454,752
1455,867
1456,867
1457,749
1458,840
1459,803
1460,830
1461,798
1462,754
1463,843
1464,759
1465,779
1466,763
1467,873
1468,853
1469,853
1470,906
1471,925
1472,892
1473,922
1474,984
1475,896
1476,788
1477,784
1478,902
1479,911
1480,963
1481,846
1482,943
1483,1017
1484,844
1485,917
1486,859
1487,974
1488,897
1489,868
1490,878
1491,887
1492,966
1493,829
1494,823
1495,808
1496,814
1497,770
1498,764
1499,800
1500,814
1501,775
1502,776
1503,834
1504,855
1505,687
1506,806
1507,773
1508,863
1509,730
1510,788
1511,791
1512,760
1513,809
1514,795
1515,780
1516,811
1517,823
1518,747
1519,834
1520,751
1521,747
1522,848
1523,788
1524,822
1525,862
1526,728
1527,888
1528,792
1529,784
1530,749
1531,785
1532,845
1533,752
1534,757
1535,781
1536,851
1537,711
1538,772
1539,823
1540,795
1541,767
1542,797
1543,828
1544,802
1545,751
1546,807
1547,836
1548,781
1549,775
1550,734
1551,807
1552,775
1553,847
1554,711
1555,759
1556,806
1557,781
1558,812
1559,771
1560,779
1561,756
1562,798
1563,819
1564,775
1565,782
1566,1048
1567,1085
1568,830
1569,773
1570,817
1571,815
1572,713
1573,836
1574,787
1575,764
1576,791
1577,826
1578,788
1579,856
1580,817
1581,813
1582,869
1583,801
1584,742
1585,847
1586,775
1587,811
1588,763
1589,768
1590,801
1591,768
1592,788
1593,838
1594,769
1595,755
1596,851
1597,818
1598,807
1599,801
1600,852
1601,784
1602,791
1603,790
1604,882
1605,767
1606,784
1607,831
1608,842
1609,802
1610,799
1611,878
1612,873
1613,813
1614,761
1615,796
1616,829
1617,839
1618,781
1619,787
1620,855
1621,792
1622,786
1623,844
1624,749
1625,817
1626,809
1627,780
1628,764
1629,835
1630,792
1631,784
1632,862
1633,823
1634,765
1635,804
1636,844
1637,831
1638,767
1639,832
1640,893
1641,1034
1642,937
1643,754
1644,750
1645,848
1646,773
1647,767
1648,800
1649,760
1650,789
1651,795
1652,818
1653,816
1654,776
1655,762
1656,814
1657,774
1658,814
1659,858
1660,703
1661,819
1662,826
1663,771
1664,776
1665,806
1666,785
1667,742
1668,840
1669,810
1670,814
1671,757
1672,786
1673,846
1674,860
1675,756
1676,775
1677,807
1678,778
1679,840
1680,1161
1681,1441
1682,978
1683,863
1684,578
1685,745
1686,752
1687,847
1688,916
1689,806
1690,774
1691,766
1692,824
1693,842
1694,836
1695,717
1696,856
1697,844
1698,752
1699,737
1700,803
1701,868
1702,714
1703,827
1704,823
1705,813
1706,744
1707,794
1708,878
1709,789
1710,809
1711,789
1712,797
1713,802
1714,826
1715,739
1716,793
1717,872
1718,850
1719,734
1720,875
1721,878
1722,874
1723,837
1724,799
1725,882
1726,897
1727,823
1728,778
1729,805
1730,882
1731,738
1732,797
1733,809
1734,813
1735,819
1736,783
1737,905
1738,848
1739,823
1740,900
1741,893
1742,941
1743,937
1744,930
1745,923
1746,767
1747,813
1748,801
1749,854
1750,775
1751,720
1752,779
1753,829
1754,760
1755,773
1756,804
1757,789
1758,845
1759,736
1760,794
1761,802
1762,780
1763,740
1764,797
1765,892
1766,799
1767,739
1768,805
1769,858
1770,758
1771,748
1772,811
1773,834
1774,710
1775,762
1776,920
1777,745
1778,726
1779,793
1780,865
1781,754
1782,749
1783,830
1784,814
1785,773
1786,722
1787,823
1788,866
1789,878
1790,2210
1791,2270
1792,1032
1793,1168
1794,948
1795,1065
1796,851
1797,748
1798,808
1799,818
1800,852
1801,814
1802,824
1803,830
1804,676
1805,791
1806,858
1807,774
1808,731
1809,833
1810,785
1811,756
1812,754
1813,791
1814,812
1815,725
1816,790
1817,814
1818,780
1819,767
1820,1089
1821,1195
1822,901
1823,1001
1824,927
1825,776
1826,844
1827,728
1828,799
1829,782
1830,752
1831,799
1832,759
1833,811
1834,767
1835,740
1836,817
1837,789
1838,867
1839,739
1840,839
1841,857
1842,728
1843,826
1844,876
1845,851
1846,777
1847,747
1848,855
1849,868
1850,790
1851,733
1852,845
1853,876
1854,763
1855,783
1856,818
1857,767
1858,783
1859,769
1860,801
1861,829
1862,775
1863,742
1864,805
1865,837
1866,714
1867,794
1868,843
1869,775
1870,771
1871,830
1872,815
1873,856
1874,762
1875,764
1876,796
1877,814
1878,746
1879,852
1880,787
1881,825
1882,699
1883,822
1884,792
1885,752
1886,779
1887,867
1888,715
1889,767
1890,791
1891,827
1892,755
1893,711
1894,875
1895,826
1896,803
1897,722
1898,823
1899,779
1900,823
1901,699
1902,794
1903,831
1904,796
1905,785
1906,771
1907,804
1908,825
1909,736
1910,802
1911,797
1912,781
1913,743
1914,813
1915,812
1916,741
1917,763
1918,776
1919,796
1920,747
1921,788
1922,768
1923,822
1924,793
1925,785
1926,799
1927,760
1928,790
1929,707
1930,866
1931,919
1932,803
1933,822
1934,1051
1935,1003
1936,822
1937,740
1938,763
1939,794
1940,795
1941,759
1942,828
1943,761
1944,735
1945,837
1946,837
1947,792
1948,761
1949,853
1950,828
1951,720
1952,858
1953,751
1954,775
1955,829
1956,782
1957,790
1958,789
1959,772
1960,763
1961,835
1962,741
1963,764
1964,876
1965,788
1966,713
1967,848
1968,805
1969,781
1970,896
1971,799
1972,801
1973,760
1974,725
1975,836
1976,816
1977,798
1978,831
1979,803
1980,721
1981,1390
1982,1139
1983,794
1984,721
1985,631
1986,1228
1987,2905
1989,840
1990,1355
1991,1184
1992,1066
1993,927
1994,776
1995,767
1996,824
1997,777
1998,779
1999,841
2000,774
2001,776
2002,762
2003,793
2004,795
2005,741
2006,817
2007,803
2008,686
2009,777
2010,826
2011,741
2012,733
2013,786
2014,835
2015,761
2016,766
2017,819
2018,751
2019,787
2020,833
2021,811
2022,741
2023,783
2024,773
2025,792
2026,759
2027,765
2028,823
2029,776
2030,765
2031,843
2032,774
2033,783
2034,748
2035,764
2036,810
2037,780
2038,824
2039,819
2040,790
2041,832
2042,797
2043,785
2044,749
2045,872
2046,756
2047,768
2048,776
2049,803
2050,747
2051,768
2052,835
2053,754
2054,781
2055,789
2056,739
2057,863
2058,756
2059,716
2060,795
2061,845
2062,793
2063,708
2064,753
2065,880
2066,760
2067,772
2068,797
2069,863
2070,769
2071,746
2072,839
2073,821
2074,771
2075,764
2076,821
2077,800
2078,826
2079,741
2080,776
2081,1147
2082,1715
2083,1163
2084,1156
2085,1188
2086,1099
2087,1191
2088,1069
2089,776
2090,778
2091,800
2092,795
2093,744
2094,771
2095,872
2096,780
2097,731
2098,820
2099,881
2100,776
2101,777
2102,768
2103,802
2104,813
2105,783
2106,792
2107,873
2108,792
2109,751
2110,797
2111,836
2112,768
2113,747
2114,840
2115,875
2116,752
2117,735
2118,811
2119,855
2120,755
2121,813
2122,885
2123,894
2124,917
2125,881
2126,823
2127,875
2128,873
2129,814
2130,811
2131,900
2132,887
2133,762
2134,728
2135,779
2136,798
2137,773
2138,800
2139,808
2140,761
2141,788
2142,778
2143,754
2144,743
2145,805
2146,806
2147,760
2148,765
2149,862
2150,788
2151,752
2152,766
2153,810
2154,744
2155,817
2156,813
2157,767
2158,794
2159,790
2160,787
2161,810
2162,765
2163,739
2164,842
2165,853
2166,702
2167,774
2168,885
2169,787
2170,668
2171,785
2172,888
2173,835
2174,719
2175,819
2176,787
2177,852
2178,734
2179,802
2180,815
2181,802
2182,731
2183,834
2184,782
2185,846
2186,707
2187,853
2188,811
2189,729
2190,818
2191,790
2192,736
2193,744
2194,817
2195,786
2196,774
2197,794
2198,768
2199,799
2200,810
2201,826
2202,765
2203,797
2204,865
2205,769
2206,766
2207,747
2208,811
2209,763
2210,738
2211,806
2212,850
2213,770
2214,756
2215,789
2216,870
2217,761
2218,794
2219,734
2220,808
2221,825
2222,758
2223,767
2224,804
2225,773
2226,818
2227,894
2228,929
2229,810
2230,908
2231,930
2232,823
2233,735
2234,809
2235,922
2236,775
2237,786
2238,975
2239,1032
2240,839
2241,832
2242,758
2243,808
2244,766
2245,753
2246,866
2247,874
2248,1780
2249,1300
2250,1210
2251,1228
2252,1476
2253,2251
2254,1788
2255,729
2256,816
2257,856
2258,814
2259,755
2260,782
2261,868
2262,841
2263,762
2264,752
2265,903
2266,837
2267,786
2268,725
2269,808
2270,818
2271,819
2272,780
2273,759
2274,736
2275,811
2276,779
2277,763
2278,871
2279,809
2280,786
2281,859
2282,1696
2283,975
2284,1110
2285,641
2286,666
2287,744
2288,799
2289,762
2290,799
2291,827
2292,808
2293,775
2294,852
2295,811
2296,834
2297,769
2298,786
2299,852
2300,806
2301,749
2302,770
2303,826
2304,739
2305,784
2306,793
2307,787
2308,812
2309,789
2310,789
2311,795
2312,751
2313,821
2314,811
2315,768
2316,817
2317,787
2318,793
2319,817
2320,749
2321,797
2322,798
2323,826
2324,832
2325,713
2326,810
2327,813
2328,800
2329,726
2330,807
2331,844
2332,771
2333,714
2334,793
2335,815
2336,754
2337,719
2338,819
2339,825
2340,791
2341,827
2342,801
2343,751
2344,787
2345,784
2346,763
2347,851
2348,811
2349,814
2350,750
2351,801
2352,836
2353,750
2354,848
2355,741
2356,850
2357,801
2358,767
2359,809
2360,869
2361,794
2362,797
2363,801
2364,856
2365,781
2366,752
2367,799
2368,762
2369,830
2370,835
2371,825
2372,752
2373,865
2374,782
2375,810
2376,788
2377,825
2378,851
2379,862
2380,715
2381,872
2382,821
2383,811
2384,837
2385,787
2386,764
2387,747
2388,845
2389,766
2390,798
2391,863
2392,759
2393,774
2394,847
2395,831
2396,756
2397,847
2398,795
2399,839
2400,817
2401,821
2402,772
2403,807
2404,817
2405,807
2406,792
2407,812
2408,765
2409,760
2410,783
2411,806
2412,769
2413,840
2414,791
2415,817
2416,820
2417,793
2418,743
2419,830
2420,781
2421,818
2422,760
2423,835
2424,789
2425,826
2426,783
2427,804
2428,830
2429,815
2430,762
2431,780
2432,770
2433,811
2434,815
2435,739
2436,776
2437,830
2438,790
2439,722
2440,831
2441,851
2442,812
2443,807
2444,779
2445,829
2446,785
2447,778
2448,768
2449,812
2450,775
2451,818
2452,794
2453,787
2454,754
2455,837
2456,823
2457,771
2458,806
2459,823
2460,804
2461,828
2462,751
2463,869
2464,729
2465,788
2466,797
2467,805
2468,862
2469,777
2470,722
2471,778
2472,896
2473,756
2474,801
2475,811
2476,800
2477,829
2478,829
2479,678
2480,837
2481,900
2482,782
2483,803
2484,791
2485,901
2486,830
2487,820
2488,843
2489,851
2490,798
2491,783
2492,760
2493,830
2494,763
2495,839
2496,809
2497,811
2498,781
2499,839
2500,809
2501,768
2502,818
2503,849
2504,867
2505,835
2506,811
2507,826
2508,875
2509,772
2510,777
2511,869
2512,826
2513,849
2514,814
2515,847
2516,791
2517,795
2518,761
2519,846
2520,865
2521,818
2522,684
2523,815
2524,809
2525,819
2526,766
2527,809
2528,825
2529,835
2530,777
2531,1007
2532,1296
2533,820
2534,718
2535,832
2536,832
2537,800
2538,787
2539,802
2540,834
2541,784
2542,750
2543,778
2544,855
2545,780
2546,881
2547,793
2548,808
2549,816
2550,769
2551,868
2552,799
2553,795
2554,802
2555,755
2556,787
2557,802
2558,820
2559,801
2560,793
2561,775
2562,840
2563,824
2564,747
2565,803
2566,798
2567,804
2568,867
2569,825
2570,772
2571,799
2572,791
2573,762
2574,809
2575,757
2576,818
2577,820
2578,743
2579,794
2580,833
2581,870
2582,802
2583,1586
2584,940
2585,954
2586,656
2587,675
2588,788
2589,810
2590,782
2591,803
2592,806
2593,830
2594,786
2595,778
2596,843
2597,766
2598,809
2599,865
2600,838
2601,838
2602,776
2603,909
2604,847
2605,738
2606,824
2607,848
2608,875
2609,866
2610,888
2611,936
2612,873
2613,801
2614,867
2615,812
2616,811
2617,790
2618,757
2619,826
2620,806
2621,817
2622,776
2623,814
2624,838
2625,879
2626,868
2627,753
2628,820
2629,882
2630,808
2631,806
2632,803
2633,820
2634,745
2635,829
2636,863
2637,790
2638,809
2639,791
2640,821
2641,818
2642,829
2643,735
2644,756
2645,885
2646,832
2647,755
2648,874
2649,1053
2650,1069
2651,910
2652,1097
2653,1026
2654,897
2655,757
2656,828
2657,1058
2658,1225
2659,888
2660,906
2661,793
2662,804
2663,778
2664,786
2665,781
2666,770
2667,825
2668,787
2669,815
2670,843
2671,758
2672,849
2673,780
2674,814
2675,783
2676,751
2677,831
2678,856
2679,764
2680,783
2681,853
2682,762
2683,805
2684,793
2685,770
2686,826
2687,777
2688,808
2689,814
2690,815
2691,784
2692,817
2693,786
2694,840
2695,764
2696,798
2697,811
2698,793
2699,758
2700,1092
2701,1148
2702,1236
2703,1224
2704,1930
2705,1997
2707,709
2708,820
2709,855
2710,802
2711,766
2712,808
2713,834
2714,798
2715,759
2716,745
2717,830
2718,905
2719,792
2720,775
2721,833
2722,797
2723,767
2724,802
2725,837
2726,758
2727,817
2728,868
2729,763
2730,854
2731,874
2732,839
2733,804
2734,919
2735,871
2736,911
2737,806
2738,828
2739,854
2740,843
2741,864
2742,882
2743,814
2744,870
2745,826
2746,813
2747,790
2748,863
2749,1025
2750,1104
2751,1053
2752,889
2753,799
2754,826
2755,697
2756,809
2757,951
2758,1323
2759,1454
2760,1466
2761,1085
2762,1126
2763,1166
2764,1282
2765,1118
2766,1037
2767,848
2768,888
2769,864
2770,828
2771,869
2772,824
2773,788
2774,892
2775,780
2776,754
2777,811
2778,811
2779,818
2780,872
2781,862
2782,814
2783,804
2784,775
2785,798
2786,816
2787,775
2788,824
2789,791
2790,765
2791,770
2792,814
2793,821
2794,837
2795,816
2796,763
2797,784
2798,832
2799,858
2800,776
2801,776
2802,752
2803,815
2804,774
2805,779
2806,810
2807,799
2808,782
2809,792
2810,815
2811,755
2812,813
2813,749
2814,827
2815,781
2816,779
2817,774
2818,834
2819,767
2820,775
2821,737
2822,829
2823,888
2824,769
2825,778
2826,771
2827,817
2828,846
2829,813
2830,825
2831,803
2832,901
2833,810
2834,758
2835,819
2836,803
2837,852
2838,752
2839,812
2840,862
2841,1033
2842,982
2843,765
2844,791
2845,872
2846,816
2847,783
2848,807
2849,773
2850,815
2851,727
2852,833
2853,805
2854,795
2855,761
2856,740
2857,846
2858,793
2859,781
2860,766
2861,917
2862,811
2863,768
2864,793
2865,841
2866,851
2867,769
2868,766
2869,825
2870,813
2871,847
2872,863
2873,913
2874,795
2875,949
2876,953
2877,897
2878,803
2879,753
2880,924
2881,855
2882,788
2883,1023
2884,1465
2885,1133
2886,1255
2887,938
2888,979
2889,1131
2890,1143
2891,1087
2892,1237
2893,1042
2894,943
2895,853
2896,823
2897,848
2898,806
2899,752
2900,801
2901,891
2902,772
2903,776
2904,799
2905,924
2906,832
2907,748
2908,806
2909,843
2910,887
2911,765
2912,830
2913,784
2914,823
2915,766
2916,755
2917,814
2918,825
2919,798
2920,770
2921,819
2922,801
2923,774
2924,779
2925,1258
2926,1240
2927,1012
2928,1133
2929,970
2930,1202
2931,1063
2932,1198
2933,1006
2934,829
2935,813
2936,812
2937,843
2938,788
2939,813
2940,837
2941,801
2942,739
2943,782
2944,838
2945,787
2946,791
2947,820
2948,785
2949,819
2950,801
2951,768
2952,751
2953,806
2954,834
2955,755
2956,801
2957,809
2958,760
2959,778
2960,799
2961,815
2962,798
2963,792
2964,762
2965,822
2966,826
2967,760
2968,762
2969,880
2970,801
2971,729
2972,818
2973,806
2974,758
2975,827
2976,792
2977,744
2978,897
2979,796
2980,796
2981,842
2982,765
2983,773
2984,838
2985,803
2986,771
2987,789
2988,829
2989,717
2990,776
2991,858
2992,890
2993,873
2994,778
2995,831
2996,782
2997,827
2998,821
2999,818
3000,874
3001,814
3002,885
3003,774
3004,841
3005,868
3006,905
3007,873
3008,895
3009,860
3010,880
3011,778
3012,951
3013,811
3014,788
3015,807
3016,881
3017,787
3018,830
3019,835
3020,812
3021,783
3022,807
3023,788
3024,813
3025,823
3026,759
3027,827
3028,779
3029,796
3030,857
3031,762
3032,748
3033,813
3034,783
3035,819
3036,779
3037,840
3038,796
3039,832
3040,762
3041,785
3042,802
3043,779
3044,818
3045,741
3046,783
3047,790
3048,829
3049,751
3050,766
3051,858
3052,770
3053,782
3054,741
3055,831
3056,789
3057,762
3058,787
3059,805
3060,756
3061,795
3062,768
3063,771
3064,752
3065,838
3066,816
3067,792
3068,763
3069,869
3070,752
3071,826
3072,788
3073,794
3074,765
3075,796
3076,769
3077,782
3078,834
3079,730
3080,780
3081,811
3082,790
3083,751
3084,778
3085,788
3086,728
3087,841
3088,795
3089,847
3090,735
3091,774
3092,754
3093,786
3094,818
3095,762
3096,770
3097,799
3098,731
3099,798
3100,781
3101,761
3102,830
3103,821
3104,752
3105,767
3106,858
3107,773
3108,781
3109,764
3110,777
3111,766
3112,797
3113,760
3114,748
3115,800
3116,794
3117,751
3118,844
3119,788
3120,766
3121,787
3122,806
3123,802
3124,784
3125,792
3126,783
3127,813
3128,811
3129,795
3130,836
3131,770
3132,786
3133,779
3134,814
3135,786
3136,838
3137,1096
3138,887
3139,798
3140,804
3141,821
3142,758
3143,780
3144,758
3145,802
3146,790
3147,749
3148,816
3149,768
3150,866
3151,836
3152,717
3153,790
3154,831
3155,770
3156,774
3157,845
3158,880
3159,745
3160,779
3161,789
3162,854
3163,833
3164,746
3165,775
3166,909
3167,847
3168,779
3169,766
3170,828
3171,975
3172,896
3173,861
3174,1067
3175,1144
3176,930
3177,971
3178,960
3179,950
3180,1088
3181,987
3182,916
3183,839
3184,1250
3185,1273
3186,968
3187,900
3188,514
3189,757
3190,776
3191,895
3192,670
3193,782
3194,812
3195,865
3196,749
3197,754
3198,754
3199,824
3200,758
3201,787
3202,784
3203,785
3204,797
3205,736
3206,807
3207,808
3208,740
3209,777
3210,1101
3211,1097
3212,1139
3213,1193
3214,1096
3215,1187
3216,1143
3217,1060
3218,772
3219,773
3220,750
3221,769
3222,799
3223,790
3224,725
3225,753
3226,864
3227,787
3228,735
3229,809
3230,790
3231,856
3232,760
3233,716
3234,797
3235,846
3236,771
3237,741
3238,838
3239,796
3240,783
3241,759
3242,775
3243,867
3244,776
3245,725
3246,808
3247,862
3248,760
3249,708
3250,859
3251,838
3252,807
3253,751
3254,857
3255,792
3256,788
3257,756
3258,826
3259,848
3260,802
3261,807
3262,813
3263,856
3264,789
3265,816
3266,963
3267,844
3268,747
3269,750
3270,799
3271,788
3272,823
3273,767
3274,760
3275,767
3276,762
3277,837
3278,784
3279,736
3280,745
3281,814
3282,812
3283,760
3284,828
3285,766
3286,752
3287,778
3288,793
3289,782
3290,828
3291,714
3292,777
3293,785
3294,833
3295,740
3296,812
3297,808
3298,824
3299,725
3300,773
3301,779
3302,730
3303,795
3304,787
3305,766
3306,805
3307,782
3308,771
3309,801
3310,746
3311,800
3312,732
3313,819
3314,785
3315,781
3316,755
3317,770
3318,820
3319,762
3320,781
3321,822
3322,766
3323,749
3324,830
3325,756
3326,844
3327,775
3328,777
3329,773
3330,843
3331,761
3332,765
3333,786
3334,784
3335,759
3336,753
3337,806
3338,751
3339,771
3340,827
3341,770
3342,783
3343,777
3344,801
3345,729
3346,804
3347,740
3348,887
3349,731
3350,760
3351,768
3352,812
3353,814
3354,747
3355,857
3356,706
3357,781
3358,717
3359,761
3360,803
3361,830
3362,775
3363,1521
3364,1877
3365,1371
3366,2320
3368,888
3369,783
3370,834
3371,802
3372,894
3373,703
3374,798
3375,813
3376,828
3377,798
3378,752
3379,842
3380,781
3381,770
3382,756
3383,847
3384,874
3385,809
3386,792
3387,857
3388,778
3389,775
3390,834
3391,709
3392,802
3393,915
3394,694
3395,782
3396,745
3397,805
3398,833
3399,764
3400,780
3401,796
3402,794
3403,775
3404,740
3405,751
3406,1038
3407,2619
3408,4158
3410,1421
3411,997
3412,1000
3413,850
3414,890
3415,785
3416,702
3417,815
3418,859
3419,777
3420,741
3421,875
3422,781
3423,767
3424,791
3425,750
3426,781
3427,834
3428,794
3429,763
3430,864
3431,828
3432,811
3433,809
3434,773
3435,827
3436,717
3437,885
3438,906
3439,804
3440,752
3441,748
3442,808
3443,804
3444,790
3445,739
3446,883
3447,978
3448,1017
3449,1075
3450,833
3451,769
3452,757
3453,813
3454,732
3455,751
3456,959
3457,1045
3458,767
3459,775
3460,808
3461,740
3462,777
3463,807
3464,781
3465,740
3466,820
3467,736
3468,803
3469,790
3470,722
3471,816
3472,872
3473,781
3474,731
3475,800
3476,860
3477,764
3478,738
3479,807
3480,765
3481,819
3482,810
3483,757
3484,814
3485,1197
3486,1284
3487,1040
3488,739
3489,651
3490,719
3491,769
3492,860
3493,745
3494,733
3495,760
3496,769
3497,772
3498,760
3499,816
3500,802
3501,849
3502,724
3503,749
3504,754
3505,822
3506,773
3507,755
3508,785
3509,796
3510,814
3511,731
3512,836
3513,740
3514,767
3515,808
3516,794
3517,732
3518,784
3519,804
3520,780
3521,752
3522,816
3523,800
3524,756
3525,746
3526,779
3527,810
3528,790
3529,742
3530,778
3531,805
3532,760
3533,753
3534,794
3535,798
3536,802
3537,834
3538,675
3539,816
3540,803
3541,756
3542,834
3543,823
3544,839
3545,708
3546,818
3547,792
3548,757
3549,856
3550,731
3551,784
3552,762
3553,787
3554,823
3555,747
3556,771
3557,772
3558,805
3559,769
3560,755
3561,753
3562,804
3563,821
3564,707
3565,809
3566,809
3567,717
3568,826
3569,776
3570,768
3571,748
3572,898
3573,984
3574,877
3575,1011
3576,758
3577,716
3578,848
3579,788
3580,717
3581,832
3582,788
3583,750
3584,716
3585,805
3586,782
3587,737
3588,837
3589,802
3590,1016
3591,1119
3592,1210
3593,1387
3594,1207
3595,1307
3596,1068
3597,1028
3598,998
3599,833
3600,736
3601,762
3602,792
3603,744
3604,803
3605,806
3606,696
3607,800
3608,802
3609,797
3610,734
3611,809
3612,838
3613,738
3614,761
3615,795
3616,786
3617,755
3618,820
3619,718
3620,818
3621,767
3622,737
3623,849
3624,777
3625,801
3626,809
3627,879
3628,832
3629,804
3630,842
3631,924
3632,781
3633,797
3634,795
3635,878
3636,907
3637,766
3638,762
3639,810
3640,800
3641,751
3642,765
3643,862
3644,746
3645,787
3646,724
3647,885
3648,796
3649,754
3650,774
3651,795
3652,846
3653,759
3654,787
3655,798
3656,755
3657,811
3658,723
3659,800
3660,796
3661,768
3662,804
3663,783
3664,770
3665,787
3666,784
3667,777
3668,782
3669,754
3670,795
3671,781
3672,790
3673,826
3674,829
3675,711
3676,796
3677,817
3678,763
3679,730
3680,814
3681,795
3682,813
3683,745
3684,747
3685,772
3686,779
3687,794
3688,746
3689,818
3690,769
3691,738
3692,798
3693,824
3694,760
3695,719
3696,815
3697,806
3698,763
3699,735
3700,811
3701,759
3702,822
3703,784
3704,741
3705,805
3706,1112
3707,1430
3708,2458
3709,1497
3710,1927
3711,860
3712,866
3713,863
3714,800
3715,711
3716,741
3717,893
3718,739
3719,751
3720,818
3721,831
3722,790
3723,781
3724,795
3725,754
3726,778
3727,761
3728,800
3729,797
3730,801
3731,876
3732,778
3733,875
3734,742
3735,820
3736,747
3737,712
3738,872
3739,738
3740,732
3741,838
3742,758
3743,721
3744,784
3745,830
3746,811
3747,744
3748,755
3749,809
3750,815
3751,761
3752,834
3753,810
3754,781
3755,709
3756,948
3757,1059
3758,801
3759,738
3760,824
3761,774
3762,796
3763,949
3764,865
3765,799
3766,788
3767,711
3768,809
3769,739
3770,832
3771,750
3772,781
3773,760
3774,845
3775,745
3776,728
3777,815
3778,803
3779,774
3780,778
3781,732
3782,788
3783,828
3784,750
3785,827
3786,1416
3787,1115
3788,872
3789,744
3790,647
3791,799
3792,785
3793,826
3794,784
3795,817
3796,792
3797,788
3798,756
3799,821
3800,769
3801,774
3802,785
3803,818
3804,728
3805,748
3806,825
3807,830
3808,755
3809,767
3810,825
3811,711
3812,825
3813,774
3814,698
3815,861
3816,800
3817,751
3818,804
3819,791
3820,812
3821,707
3822,806
3823,779
3824,756
3825,817
3826,753
3827,748
3828,792
3829,818
3830,727
3831,737
3832,804
3833,742
3834,823
3835,762
3836,795
3837,793
3838,807
3839,714
3840,836
3841,744
3842,780
3843,797
3844,759
3845,822
3846,743
3847,760
3848,827
3849,826
3850,739
3851,748
3852,848
3853,762
3854,746
3855,867
3856,748
3857,794
3858,758
3859,840
3860,688
3861,783
3862,800
3863,779
3864,718
3865,794
3866,748
3867,823
3868,804
3869,768
3870,732
3871,822
3872,799
3873,832
3874,746
3875,738
3876,834
3877,807
3878,796
3879,728
3880,795
3881,828
3882,737
3883,779
3884,817
3885,768
3886,730
3887,846
3888,818
3889,744
3890,777
3891,823
3892,806
3893,719
3894,795
3895,848
3896,762
3897,754
3898,767
3899,784
3900,829
3901,762
3902,750
3903,778
3904,793
3905,754
3906,769
3907,795
3908,809
3909,749
3910,782
3911,783
3912,775
3913,821
3914,738
3915,781
3916,801
3917,811
3918,719
3919,795
3920,777
3921,837
3922,795
3923,770
3924,840
3925,806
3926,817
3927,1104
3928,2081
3929,2703
3930,806
3931,1056
3932,989
3933,1116
3934,855
3935,793
3936,751
3937,770
3938,815
3939,819
3940,803
3941,714
3942,833
3943,805
3944,730
3945,795
3946,740
3947,812
3948,797
3949,771
3950,771
3951,791
3952,724
3953,729
3954,826
3955,780
3956,792
3957,728
3958,830
3959,778
3960,765
3961,761
3962,746
3963,824
3964,762
3965,722
3966,777
3967,797
3968,732
3969,788
3970,801
3971,731
3972,804
3973,766
3974,809
3975,716
3976,811
3977,798
3978,763
3979,746
3980,844
3981,761
3982,777
3983,792
3984,798
3985,743
3986,773
3987,798
3988,770
3989,761
3990,809
3991,783
3992,752
3993,736
3994,866
3995,794
3996,711
3997,785
3998,807
3999,764
4000,789
4001,811
4002,796
4003,750
4004,802
4005,786
4006,747
4007,774
4008,835
4009,829
4010,745
4011,793
4012,779
4013,770
4014,805
4015,774
4016,786
4017,796
4018,788
4019,826
4020,798
4021,769
4022,850
4023,753
4024,849
4025,770
4026,745
4027,827
4028,745
4029,811
4030,968
4031,944
4032,771
4033,814
4034,822
4035,769
4036,790
4037,815
4038,801
4039,850
4040,769
4041,863
4042,1097
4043,737
4044,786
4045,816
4046,744
4047,748
4048,869
4049,779
4050,762
4051,778
4052,792
4053,769
4054,811
4055,817
4056,741
4057,760
4058,832
4059,778
4060,782
4061,694
4062,826
4063,858
4064,736
4065,751
4066,807
4067,840
4068,759
4069,804
4070,804
4071,846
4072,856
4073,1126
4074,1252
4075,1253
4076,1147
4077,1200
4078,1056
4079,1125
4080,1006
4081,884
4082,820
4083,746
4084,728
4085,873
4086,858
4087,1569
4088,1075
4089,868
4090,709
4091,874
4092,697
4093,849
4094,855
4095,822
4096,677
4097,844
4098,884
4099,736
4100,764
4101,820
4102,863
4103,730
4104,816
4105,840
4106,816
4107,775
4108,755
4109,890
4110,767
4111,744
4112,753
4113,842
4114,791
4115,796
4116,751
4117,851
4118,813
4119,738
4120,769
4121,794
4122,764
4123,751
4124,803
4125,786
4126,796
4127,962
4128,1172
4129,1136
4130,950
4131,985
4132,783
4133,718
4134,859
4135,798
4136,734
4137,824
4138,807
4139,883
4140,793
4141,832
4142,781
4143,810
4144,806
4145,819
4146,872
4147,814
4148,807
4149,859
4150,851
4151,796
4152,831
4153,848
4154,805
4155,804
4156,837
4157,840
4158,865
4159,802
4160,844
4161,806
4162,781
4163,738
4164,768
4165,862
4166,735
4167,760
4168,811
4169,778
4170,793
4171,850
4172,800
4173,758
4174,803
4175,859
4176,758
4177,740
4178,810
4179,771
4180,828
4181,760
4182,814
4183,796
4184,800
4185,758
4186,786
4187,815
4188,841
4189,769
4190,767
4191,754
4192,785
4193,806
4194,750
4195,724
4196,819
4197,763
4198,803
4199,752
4200,765
4201,786
4202,854
4203,783
4204,720
4205,755
4206,855
4207,775
4208,781
4209,710
4210,840
4211,732
4212,785
4213,812
4214,864
4215,742
4216,795
4217,780
4218,764
4219,810
4220,712
4221,866
4222,741
4223,735
4224,765
4225,756
4226,847
4227,788
4228,710
4229,834
4230,850
4231,732
4232,724
4233,782
4234,879
4235,795
4236,730
4237,749
4238,840
4239,752
4240,732
4241,845
4242,757
4243,747
4244,781
4245,776
4246,806
4247,745
4248,775
4249,803
4250,757
4251,779
4252,765
4253,837
4254,1030
4255,1079
4256,982
4257,1048
4258,1069
4259,886
4260,840
4261,755
4262,836
4263,744
4264,763
4265,835
4266,747
4267,802
4268,925
4269,1974
4271,802
4272,802
4273,879
4274,794
4275,839
4276,883
4277,1006
4278,1124
4279,1209
4280,1344
4281,1110
4282,1021
4283,754
4284,815
4285,823
4286,746
4287,829
4288,754
4289,908
4290,796
4291,767
4292,809
4293,834
4294,852
4295,734
4296,762
4297,813
4298,799
4299,825
4300,780
4301,809
4302,854
4303,803
4304,751
4305,831
4306,749
4307,812
4308,767
4309,1040
4310,2068
4311,866
4312,1134
4313,1621
4314,1393
4315,1327
4316,1068
4317,1001
4318,1127
4319,1239
4320,1109
4321,966
4322,1095
4323,1068
4324,1056
4325,790
4326,726
4327,874
4328,733
4329,823
4330,847
4331,763
4332,867
4333,841
4334,755
4335,740
4336,902
4337,755
4338,770
4339,752
4340,1026
4341,1006
4342,698
4343,752
4344,826
4345,795
4346,769
4347,773
4348,783
4349,789
4350,761
4351,795
4352,773
4353,770
4354,802
4355,724
4356,740
4357,816
4358,778
4359,751
4360,828
4361,818
4362,824
4363,703
4364,904
4365,846
4366,774
4367,780
4368,799
4369,797
4370,780
4371,811
4372,757
4373,788
4374,818
4375,825
4376,748
4377,783
4378,738
4379,832
4380,768
4381,761
4382,816
4383,845
4384,785
4385,813
4386,871
4387,982
4388,1413
4389,836
4390,859
4391,735
4392,833
4393,787
4394,813
4395,769
4396,788
4397,847
4398,793
4399,803
4400,823
4401,765
4402,758
4403,842
4404,816
4405,763
4406,829
4407,866
4408,753
4409,774
4410,862
4411,805
4412,802
4413,717
4414,771
4415,890
4416,764
4417,721
4418,813
4419,821
4420,765
4421,891
4422,844
4423,758
4424,779
4425,800
4426,792
4427,769
4428,776
4429,798
4430,778
4431,819
4432,729
4433,796
4434,794
4435,779
4436,753
4437,769
4438,812
4439,781
4440,730
4441,833
4442,765
4443,815
4444,765
4445,710
4446,843
4447,710
4448,781
4449,750
4450,771
4451,880
4452,779
4453,729
4454,780
4455,811
4456,754
4457,796
4458,760
4459,841
4460,718
4461,808
4462,828
4463,785
4464,843
4465,728
4466,825
4467,760
4468,751
4469,867
4470,764
4471,761
4472,773
4473,788
4474,789
4475,793
4476,790
4477,735
4478,806
4479,746
4480,787
4481,806
4482,772
4483,782
4484,723
4485,813
4486,743
4487,766
4488,829
4489,722
4490,764
4491,770
4492,801
4493,805
4494,784
4495,841
4496,987
4497,777
4498,827
4499,776
4500,815
4501,771
4502,808
4503,726
4504,789
4505,796
4506,791
4507,765
4508,757
4509,782
4510,791
4511,808
4512,754
4513,779
4514,770
4515,825
4516,754
4517,756
4518,780
4519,806
4520,733
4521,869
4522,799
4523,758
4524,767
4525,780
4526,821
4527,784
4528,783
4529,785
4530,834
4531,824
4532,762
4533,767
4534,839
4535,816
4536,706
4537,765
4538,803
4539,852
4540,739
4541,776
4542,843
4543,821
4544,726
4545,760
4546,847
4547,753
4548,799
4549,773
4550,816
4551,864
4552,788
4553,826
4554,835
4555,728
4556,776
4557,818
4558,818
4559,756
4560,817
4561,758
4562,802
4563,750
4564,770
4565,770
4566,802
4567,732
4568,802
4569,824
4570,752
4571,743
4572,859
4573,815
4574,677
4575,773
4576,871
4577,739
4578,693
4579,854
4580,817
4581,745
4582,727
4583,792
4584,836
4585,834
4586,726
4587,748
4588,827
4589,821
4590,718
4591,804
4592,768
4593,816
4594,719
4595,759
4596,788
4597,791
4598,720
4599,759
4600,867
4601,713
4602,763
4603,828
4604,936
4605,937
4606,999
4607,999
4608,1000
4609,768
4610,829
4611,861
4612,778
4613,746
4614,792
4615,810
4616,777
4617,688
4618,820
4619,784
4620,744
4621,758
4622,789
4623,770
4624,830
4625,771
4626,751
4627,762
4628,794
4629,736
4630,821
4631,780
4632,820
4633,780
4634,768
4635,754
4636,779
4637,748
4638,856
4639,908
4640,1036
4641,823
4642,752
4643,788
4644,775
4645,801
4646,793
4647,769
4648,791
4649,776
4650,791
4651,832
4652,795
4653,762
4654,775
4655,786
4656,803
4657,793
4658,732
4659,835
4660,848
4661,792
4662,791
4663,780
4664,747
4665,817
4666,824
4667,838
4668,792
4669,767
4670,838
4671,851
4672,812
4673,784
4674,921
4675,873
4676,803
4677,802
4678,835
4679,798
4680,882
4681,793
4682,788
4683,797
4684,776
4685,811
4686,741
4687,796
4688,1204
4689,1133
4690,1141
4691,901
4692,610
4693,804
4694,795
4695,1011
4696,761
4697,810
4698,808
4699,760
4700,805
4701,1030
4702,1157
4703,1184
4704,1137
4705,904
4706,1028
4707,988
4708,993
4709,986
4710,814
4711,775
4712,739
4713,772
4714,836
4715,783
4716,707
4717,770
4718,856
4719,748
4720,756
4721,799
4722,843
4723,810
4724,746
4725,804
4726,804
4727,843
4728,671
4729,796
4730,877
4731,678
4732,788
4733,753
4734,761
4735,776
4736,782
4737,773
4738,724
4739,862
4740,784
4741,753
4742,762
4743,746
4744,770
4745,771
4746,773
4747,825
4748,777
4749,800
4750,773
4751,792
4752,792
4753,748
4754,769
4755,819
4756,760
4757,774
4758,785
4759,835
4760,764
4761,707
4762,834
4763,791
4764,814
4765,759
4766,756
4767,800
4768,791
4769,783
4770,771
4771,784
4772,790
4773,774
4774,786
4775,766
4776,839
4777,755
4778,781
4779,777
4780,816
4781,696
4782,801
4783,786
4784,777
4785,767
4786,764
4787,795
4788,857
4789,734
4790,780
4791,849
4792,756
4793,1005
4794,2491
4795,3215
4796,2497
4797,992
4798,1052
4799,1126
4800,1010
4801,776
4802,761
4803,848
4804,800
4805,806
4806,765
4807,787
4808,798
4809,779
4810,751
4811,781
4812,781
4813,770
4814,758
4815,782
4816,757
4817,824
4818,729
4819,803
4820,747
4821,848
4822,691
4823,774
4824,795
4825,838
4826,737
4827,782
4828,807
4829,804
4830,771
4831,755
4832,786
4833,837
4834,726
4835,760
4836,806
4837,727
4838,775
4839,794
4840,769
4841,798
4842,713
4843,877
4844,742
4845,737
4846,802
4847,811
4848,754
4849,775
4850,742
4851,784
4852,795
4853,744
4854,775
4855,762
4856,773
4857,817
4858,804
4859,781
4860,848
4861,711
4862,807
4863,758
4864,818
4865,772
4866,740
4867,806
4868,802
4869,744
4870,751
4871,735
4872,792
4873,767
4874,814
4875,738
4876,812
4877,799
4878,820
4879,884
4880,742
4881,794
4882,769
4883,692
4884,866
4885,820
4886,727
4887,809
4888,778
4889,813
4890,800
4891,739
4892,728
4893,798
4894,806
4895,732
4896,806
4897,847
4898,731
4899,727
4900,848
4901,814
4902,750
4903,760
4904,811
4905,873
4906,850
4907,858
4908,876
4909,857
4910,785
4911,744
4912,804
4913,804
4914,799
4915,762
4916,791
4917,738
4918,804
4919,861
4920,816
4921,786
4922,801
4923,788
4924,759
4925,749
4926,785
4927,792
4928,915
4929,1058
4930,948
4931,754
4932,825
4933,786
4934,767
4935,797
4936,861
4937,1042
4938,963
4939,814
4940,824
4941,761
4942,738
4943,1004
4944,2161
4945,2405
4946,873
4947,904
4948,838
4949,833
4950,894
4951,712
4952,811
4953,846
4954,771
4955,700
4956,804
4957,784
4958,800
4959,721
4960,803
4961,781
4962,778
4963,752
4964,822
4965,754
4966,756
4967,878
4968,937
4969,1050
4970,911
4971,873
4972,763
4973,784
4974,871
4975,1119
4976,913
4977,843
4978,1028
4979,1148
4980,1075
4981,906
4982,798
4983,756
4984,864
4985,958
4986,1048
4987,985
4988,1055
4989,1699
4990,1817
4991,1323
4992,800
4993,1042
4994,799
4995,764
4996,774
4997,804
4998,796
4999,765
5000,764
5001,768
5002,787
5003,766
5004,777
5005,761
5006,801
5007,824
5008,824
5009,667
5010,848
5011,817
5012,734
5013,797
5014,793
5015,743
5016,797
5017,782
5018,778
5019,796
5020,782
5021,766
5022,807
5023,786
5024,837
5025,775
5026,777
5027,794
5028,721
5029,867
5030,715
5031,871
5032,754
5033,811
5034,803
5035,760
5036,788
5037,765
5038,811
5039,789
5040,783
5041,756
5042,810
5043,803
5044,766
5045,796
5046,804
5047,690
5048,895
5049,747
5050,754
5051,784
5052,767
5053,760
5054,734
5055,793
5056,769
5057,777
5058,850
5059,726
5060,812
5061,812
5062,784
5063,744
5064,806
5065,823
5066,753
5067,780
5068,788
5069,777
5070,818
5071,775
5072,761
5073,797
5074,795
5075,751
5076,822
5077,838
5078,738
5079,751
5080,785
5081,821
5082,687
5083,838
5084,780
5085,753
5086,743
5087,814
5088,729
5089,733
5090,715
5091,758
5092,818
5093,777
5094,777
5095,766
5096,748
5097,743
5098,829
5099,726
5100,770
5101,799
5102,751
5103,711
5104,773
5105,881
5106,759
5107,684
5108,818
5109,814
5110,714
5111,782
5112,795
5113,761
5114,768
5115,751
5116,863
5117,698
5118,789
5119,782
5120,777
5121,791
5122,782
5123,727
5124,800
5125,743
5126,767
5127,788
5128,775
5129,774
5130,759
5131,762
5132,781
5133,805
5134,818
5135,760
5136,715
5137,824
5138,797
5139,804
5140,832
5141,765
5142,837
5143,698
5144,821
5145,764
5146,794
5147,808
5148,737
5149,738
5150,821
5151,760
5152,752
5153,747
5154,822
5155,742
5156,736
5157,1029
5158,1083
5159,1005
5160,1098
5161,1180
5162,1154
5163,1142
5164,989
5165,894
5166,852
5167,805
5168,739
5169,764
5170,774
5171,770
5172,832
5173,774
5174,794
5175,716
5176,870
5177,777
5178,779
5179,743
5180,843
5181,853
5182,696
5183,752
5184,784
5185,898
5186,759
5187,835
5188,867
5189,906
5190,849
5191,879
5192,886
5193,874
5194,767
5195,792
5196,803
5197,785
5198,738
5199,789
5200,760
5201,798
5202,796
5203,719
5204,807
5205,801
5206,753
5207,717
5208,822
5209,849
5210,689
5211,762
5212,755
5213,804
5214,782
5215,714
5216,829
5217,766
5218,819
5219,755
5220,729
5221,786
5222,746
5223,734
5224,785
5225,780
5226,735
5227,812
5228,719
5229,793
5230,861
5231,742
5232,786
5233,802
5234,776
5235,822
5236,773
5237,747
5238,760
5239,763
5240,848
5241,743
5242,731
5243,1102
5244,893
5245,806
5246,763
5247,744
5248,783
5249,767
5250,795
5251,724
5252,820
5253,810
5254,729
5255,786
5256,747
5257,791
5258,797
5259,707
5260,800
5261,805
5262,751
5263,756
5264,798
5265,750
5266,734
5267,848
5268,814
5269,736
5270,825
5271,818
5272,780
5273,757
5274,792
5275,803
5276,724
5277,773
5278,815
5279,853
5280,757
5281,789
5282,770
5283,766
5284,820
5285,769
5286,779
5287,817
5288,766
5289,895
5290,1399
5291,1014
5292,978
5293,808
5294,619
5295,775
5296,770
5297,759
5298,853
5299,754
5300,804
5301,770
5302,761
5303,730
5304,798
5305,802
5306,816
5307,740
5308,837
5309,786
5310,724
5311,823
5312,767
5313,757
5314,786
5315,1022
5316,2299
5318,782
5319,981
5320,1279
5321,1169
5322,981
5323,850
5324,768
5325,793
5326,788
5327,792
5328,743
5329,801
5330,772
5331,739
5332,776
5333,815
5334,798
5335,805
5336,729
5337,772
5338,730
5339,837
5340,790
5341,751
5342,752
5343,794
5344,749
5345,782
5346,788
5347,850
5348,779
5349,695
5350,819
5351,824
5352,791
5353,768
5354,767
5355,817
5356,776
5357,707
5358,774
5359,831
5360,775
5361,778
5362,782
5363,726
5364,795
5365,842
5366,671
5367,820
5368,867
5369,678
5370,815
5371,788
5372,749
5373,756
5374,750
5375,771
5376,755
5377,751
5378,808
5379,797
5380,785
5381,769
5382,796
5383,1350
5384,2400
5385,2368
5386,1658
5387,905
5388,1004
5389,845
5390,825
5391,759
5392,744
5393,774
5394,747
5395,805
5396,749
5397,796
5398,870
5399,742
5400,753
5401,782
5402,702
5403,836
5404,737
5405,758
5406,810
5407,795
5408,693
5409,797
5410,800
5411,818
5412,730
5413,780
5414,802
5415,782
5416,766
5417,784
5418,905
5419,710
5420,721
5421,772
5422,751
5423,728
5424,785
5425,794
5426,747
5427,792
5428,811
5429,777
5430,729
5431,734
5432,800
5433,802
5434,791
5435,745
5436,789
5437,775
5438,760
5439,743
5440,811
5441,770
5442,832
5443,749
5444,677
5445,910
5446,744
5447,705
5448,806
5449,929
5450,1200
5451,863
5452,1085
5453,1154
5454,1002
5455,741
5456,769
5457,798
5458,816
5459,740
5460,728
5461,847
5462,828
5463,781
5464,660
5465,863
5466,764
5467,759
5468,742
5469,763
5470,833
5471,704
5472,822
5473,740
5474,731
5475,822
5476,757
5477,726
5478,736
5479,900
5480,731
5481,720
5482,821
5483,767
5484,755
5485,811
5486,769
5487,789
5488,720
5489,870
5490,806
5491,798
5492,732
5493,774
5494,805
5495,714
5496,692
5497,860
5498,725
5499,698
5500,785
5501,774
5502,787
5503,780
5504,670
5505,789
5506,800
5507,710
5508,717
5509,786
5510,738
5511,720
5512,768
5513,702
5514,741
5515,701
5516,813
5517,721
5518,667
5519,741
5520,774
5521,683
5522,735
5523,682
5524,768
5525,711
5526,734
5527,729
5528,700
5529,621
5530,778
5531,732
5532,695
5533,628
5534,677
5535,635
5536,797
5537,716
5538,616
5539,610
5540,545
5541,578
5542,595
5543,482
5544,544
5545,509
5546,479
5547,471
5548,462
5549,458
5550,400
5551,412
5552,339
5553,364
5554,307
5555,285
5556,267
5557,250
5558,220
5559,215
5560,180
5561,154
5562,118
5563,114
5564,118
5565,113
5566,124
5567,112
5568,110
5569,96
5570,89
5571,56
5572,51
5573,217
5574,212
5575,203
5576,197
5577,201
5578,199
5579,196
5580,196
5581,190
5582,198
5583,196
5584,197
5585,191
5586,188
5587,195
5588,198
5589,198
5590,201
5591,231
5592,264
5593,268
5594,290
5595,200
5596,195
5597,186
5598,197
5599,192
5600,198
5601,197
5602,198
5603,186
5604,193
5605,198
5606,197
5607,267
5608,239
5609,207
5610,190
5611,188
5612,194
5613,194
5614,200
5615,190
5616,194
5617,192
5618,190
5619,200
5620,196
5621,190
5622,187
5623,195
5624,196
5625,193
5626,194
5627,211
5628,204
5629,195
5630,190
5631,209
5632,247
5633,277
5634,206
5635,197
5636,192
5637,194
5638,234
5639,263
5640,262
5641,264
5642,210
5643,192
5644,196
5645,201
5646,262
5647,242
5648,268
5649,193
5650,195
5651,201
5652,317
5653,247
5654,254
5655,219
5656,203
5657,191
5658,193
5659,195
5660,202
5661,204
5662,226
5663,244
5664,226
5665,251
5666,274
5667,211
5668,186
5669,190
5670,188
5671,192
5672,187
5673,190
5674,198
5675,193
5676,195
5677,196
5678,194
5679,199
5680,189
5681,195
5682,202
5683,194
5684,193
5685,193
5686,191
5687,198
5688,292
5689,270
5690,281
5691,259
5692,274
5693,254
5694,283
5695,257
5696,212
5697,199
5698,198
5699,193
5700,197
5701,194
5702,204
5703,207
5704,197
5705,204
5706,197
5707,200
5708,202
5709,201
5710,215
5711,209
5712,212
5713,202
5714,212
5715,199
5716,201
5717,205
5718,202
5719,199
5720,201
5721,192
5722,193
5723,194
5724,196
5725,199
5726,186
5727,191
5728,194
5729,195
5730,193
5731,189
5732,192
5733,202
5734,191
5735,191
5736,197
5737,198
5738,203
5739,196
5740,195
5741,189
5742,190
5743,200
5744,187
5745,192
5746,195
5747,197
5748,184
5749,190
5750,191
5751,196
5752,195
5753,189
5754,196
5755,186
5756,185
5757,190
5758,196
5759,201
5760,195
5761,198
5762,187
5763,198
5764,186
5765,200
5766,191
5767,194
5768,193
5769,193
5770,192
5771,194
5772,194
5773,192
5774,192
5775,190
5776,194
5777,196
5778,194
5779,193
5780,188
5781,192
5782,193
5783,195
5784,195
5785,195
5786,194
5787,204
5788,190
5789,193
5790,199
5791,196
5792,197
5793,196
5794,200
5795,189
5796,234
5797,191
5798,190
5799,187
5800,200
5801,193
5802,191
5803,197
5804,199
5805,194
5806,192
5807,193
5808,193
5809,195
5810,195
5811,188
5812,191
5813,196
5814,192
5815,195
5816,195
5817,196
5818,199
5819,202
5820,200
5821,194
5822,191
5823,194
5824,205
5825,207
5826,198
5827,205
5828,250
5829,229
5830,273
5831,360
5832,299
5833,328
5834,337
5835,676
5836,1643
5837,292
5838,277
5839,253
5840,263
5841,292
5842,257
5843,238
5844,193
5845,197
5846,200
5847,202
5848,193
5849,194
5850,196
5851,190
5852,199
5853,191
5854,191
5855,194
5856,212
5857,194
5858,197
5859,189
5860,193
5861,194
5862,192
5863,193
5864,192
5865,196
5866,196
5867,204
5868,194
5869,192
5870,195
5871,188
5872,188
5873,198
5874,195
5875,198
5876,187
5877,189
5878,196
5879,192
5880,196
5881,184
5882,196
5883,190
5884,197
5885,193
5886,184
5887,198
5888,194
5889,195
5890,190
5891,202
5892,277
5893,265
5894,279
5895,232
5896,191
5897,199
5898,198
5899,193
5900,192
5901,198
5902,191
5903,204
5904,189
5905,193
5906,199
5907,193
5908,201
5909,193
5910,202
5911,201
5912,192
5913,199
5914,196
5915,191
5916,195
5917,188
5918,185
5919,194
5920,201
5921,205
5922,202
5923,191
5924,193
5925,192
5926,194
5927,190
5928,198
5929,195
5930,198
5931,192
5932,192
5933,193
5934,195
5935,198
5936,192
5937,192
5938,197
5939,192
5940,195
5941,201
5942,194
5943,196
5944,193
5945,197
5946,199
5947,194
5948,188
5949,196
5950,201
5951,207
5952,204
5953,202
5954,192
5955,199
5956,203
5957,200
5958,202
5959,195
5960,219
5961,209
5962,193
5963,191
5964,193
5965,198
5966,199
5967,193
5968,200
5969,196
5970,193
5971,189
5972,195
5973,194
5974,190
5975,193
5976,191
5977,196
5978,201
5979,195
5980,197
5981,194
5982,196
5983,196
5984,193
5985,197
5986,194
5987,188
5988,194
5989,199
5990,193
5991,194
5992,199
5993,193
5994,205
5995,238
5996,272
5997,273
5998,268
5999,266
6000,280
6001,717
6003,287
6004,291
6005,241
6006,194
6007,196
6008,194
6009,197
6010,194
6011,201
6012,199
6013,193
6014,195
6015,195
6016,191
6017,203
6018,196
6019,197
6020,190
6021,193
6022,192
6023,190
6024,195
6025,202
6026,202
6027,196
6028,189
6029,201
6030,193
6031,193
6032,197
6033,192
6034,194
6035,195
6036,195
6037,197
6038,195
6039,189
6040,192
6041,193
6042,195
6043,196
6044,197
6045,193
6046,191
6047,194
6048,195
6049,195
6050,190
6051,184
6052,191
6053,196
6054,195
6055,197
6056,188
6057,190
6058,189
6059,200
6060,195
6061,204
6062,197
6063,194
6064,190
6065,193
6066,195
6067,196
6068,194
6069,198
6070,196
6071,196
6072,193
6073,595
6075,217
6076,273
6077,258
6078,261
6079,276
6080,234
6081,182
6082,167
6083,124
6084,118
6085,112
6086,82